[{"model": "admin.logentry", "pk": 1, "fields": {"action_time": "2021-05-05T12:29:02.418Z", "user": 1, "content_type": 7, "object_id": "1", "object_repr": "hooked.com", "action_flag": 2, "change_message": "[{\"changed\": {\"fields\": [\"Domain name\", \"Display name\"]}}]"}}, {"model": "admin.logentry", "pk": 2, "fields": {"action_time": "2021-05-05T12:32:11.553Z", "user": 1, "content_type": 8, "object_id": "1", "object_repr": "steveo3827@gmail.com", "action_flag": 2, "change_message": "[{\"changed\": {\"fields\": [\"Verified\", \"Primary\"]}}]"}}, {"model": "admin.logentry", "pk": 3, "fields": {"action_time": "2021-05-18T11:44:23.009Z", "user": 1, "content_type": 14, "object_id": "1", "object_repr": "rods_and_stands", "action_flag": 1, "change_message": "[{\"added\": {}}]"}}, {"model": "admin.logentry", "pk": 4, "fields": {"action_time": "2021-05-18T11:44:32.542Z", "user": 1, "content_type": 14, "object_id": "2", "object_repr": "reels", "action_flag": 1, "change_message": "[{\"added\": {}}]"}}, {"model": "admin.logentry", "pk": 5, "fields": {"action_time": "2021-05-18T11:44:40.812Z", "user": 1, "content_type": 14, "object_id": "3", "object_repr": "traces", "action_flag": 1, "change_message": "[{\"added\": {}}]"}}, {"model": "admin.logentry", "pk": 6, "fields": {"action_time": "2021-05-18T11:44:51.335Z", "user": 1, "content_type": 14, "object_id": "4", "object_repr": "live", "action_flag": 1, "change_message": "[{\"added\": {}}]"}}, {"model": "admin.logentry", "pk": 7, "fields": {"action_time": "2021-05-18T11:44:58.584Z", "user": 1, "content_type": 14, "object_id": "5", "object_repr": "frozen", "action_flag": 1, "change_message": "[{\"added\": {}}]"}}, {"model": "admin.logentry", "pk": 8, "fields": {"action_time": "2021-05-18T11:45:06.664Z", "user": 1, "content_type": 14, "object_id": "6", "object_repr": "dried", "action_flag": 1, "change_message": "[{\"added\": {}}]"}}, {"model": "admin.logentry", "pk": 9, "fields": {"action_time": "2021-05-18T11:45:24.009Z", "user": 1, "content_type": 14, "object_id": "7", "object_repr": "boots_wellies", "action_flag": 1, "change_message": "[{\"added\": {}}]"}}, {"model": "admin.logentry", "pk": 10, "fields": {"action_time": "2021-05-18T11:45:41.188Z", "user": 1, "content_type": 14, "object_id": "8", "object_repr": "jackets_pants", "action_flag": 1, "change_message": "[{\"added\": {}}]"}}, {"model": "admin.logentry", "pk": 11, "fields": {"action_time": "2021-05-18T11:46:00.966Z", "user": 1, "content_type": 14, "object_id": "9", "object_repr": "gloves_hats", "action_flag": 1, "change_message": "[{\"added\": {}}]"}}, {"model": "admin.logentry", "pk": 12, "fields": {"action_time": "2021-05-18T12:35:17.243Z", "user": 1, "content_type": 13, "object_id": "1", "object_repr": "Beach Caster 3000 Rod 12ft", "action_flag": 1, "change_message": "[{\"added\": {}}]"}}, {"model": "admin.logentry", "pk": 13, "fields": {"action_time": "2021-05-18T12:37:35.452Z", "user": 1, "content_type": 13, "object_id": "2", "object_repr": "River Classic Rod 9ft", "action_flag": 1, "change_message": "[{\"added\": {}}]"}}, {"model": "admin.logentry", "pk": 14, "fields": {"action_time": "2021-05-18T12:39:06.120Z", "user": 1, "content_type": 13, "object_id": "3", "object_repr": "Bass Catcher 1200 Reel", "action_flag": 1, "change_message": "[{\"added\": {}}]"}}, {"model": "admin.logentry", "pk": 15, "fields": {"action_time": "2021-05-20T18:25:43.949Z", "user": 1, "content_type": 14, "object_id": "3", "object_repr": "lures", "action_flag": 2, "change_message": "[{\"changed\": {\"fields\": [\"Name\", \"Friendly name\"]}}]"}}, {"model": "admin.logentry", "pk": 16, "fields": {"action_time": "2021-05-20T18:29:19.296Z", "user": 1, "content_type": 13, "object_id": "4", "object_repr": "Heavy Duty Welly Boots", "action_flag": 1, "change_message": "[{\"added\": {}}]"}}, {"model": "admin.logentry", "pk": 17, "fields": {"action_time": "2021-05-20T18:30:59.806Z", "user": 1, "content_type": 13, "object_id": "5", "object_repr": "Mens All Weather Coat(Blue)", "action_flag": 1, "change_message": "[{\"added\": {}}]"}}, {"model": "admin.logentry", "pk": 18, "fields": {"action_time": "2021-05-20T18:32:00.510Z", "user": 1, "content_type": 13, "object_id": "6", "object_repr": "Short All Terrain Boots", "action_flag": 1, "change_message": "[{\"added\": {}}]"}}, {"model": "admin.logentry", "pk": 19, "fields": {"action_time": "2021-05-20T18:59:39.372Z", "user": 1, "content_type": 13, "object_id": "7", "object_repr": "Falcon Cap(mustard)", "action_flag": 1, "change_message": "[{\"added\": {}}]"}}, {"model": "admin.logentry", "pk": 20, "fields": {"action_time": "2021-05-20T19:00:53.255Z", "user": 1, "content_type": 13, "object_id": "8", "object_repr": "Forclaz Thermal Gloves", "action_flag": 1, "change_message": "[{\"added\": {}}]"}}, {"model": "admin.logentry", "pk": 21, "fields": {"action_time": "2021-05-20T19:01:59.655Z", "user": 1, "content_type": 13, "object_id": "9", "object_repr": "Seinm Thermal Gloves", "action_flag": 1, "change_message": "[{\"added\": {}}]"}}, {"model": "admin.logentry", "pk": 22, "fields": {"action_time": "2021-05-20T19:02:54.621Z", "user": 1, "content_type": 13, "object_id": "10", "object_repr": "Fishers Sun Hat", "action_flag": 1, "change_message": "[{\"added\": {}}]"}}, {"model": "admin.logentry", "pk": 23, "fields": {"action_time": "2021-05-20T19:03:49.892Z", "user": 1, "content_type": 13, "object_id": "11", "object_repr": "Frozen Herring", "action_flag": 1, "change_message": "[{\"added\": {}}]"}}, {"model": "admin.logentry", "pk": 24, "fields": {"action_time": "2021-05-20T19:04:29.081Z", "user": 1, "content_type": 13, "object_id": "12", "object_repr": "Hunter Welly Boots", "action_flag": 1, "change_message": "[{\"added\": {}}]"}}, {"model": "admin.logentry", "pk": 25, "fields": {"action_time": "2021-05-20T19:05:30.260Z", "user": 1, "content_type": 13, "object_id": "13", "object_repr": "Red Tip Bass Lure", "action_flag": 1, "change_message": "[{\"added\": {}}]"}}, {"model": "admin.logentry", "pk": 26, "fields": {"action_time": "2021-05-20T19:06:22.770Z", "user": 1, "content_type": 13, "object_id": "14", "object_repr": "Mackerel Double Hook Lure", "action_flag": 1, "change_message": "[{\"added\": {}}]"}}, {"model": "admin.logentry", "pk": 27, "fields": {"action_time": "2021-05-20T19:07:07.096Z", "user": 1, "content_type": 13, "object_id": "15", "object_repr": "Frozen Mackerel", "action_flag": 1, "change_message": "[{\"added\": {}}]"}}, {"model": "admin.logentry", "pk": 28, "fields": {"action_time": "2021-05-20T19:08:39.363Z", "user": 1, "content_type": 13, "object_id": "16", "object_repr": "Black CatchMaster 9.0 Reel", "action_flag": 1, "change_message": "[{\"added\": {}}]"}}, {"model": "admin.logentry", "pk": 29, "fields": {"action_time": "2021-05-20T19:10:24.595Z", "user": 1, "content_type": 13, "object_id": "17", "object_repr": "Mountain Wooly Hat", "action_flag": 1, "change_message": "[{\"added\": {}}]"}}, {"model": "admin.logentry", "pk": 30, "fields": {"action_time": "2021-05-20T19:11:16.027Z", "user": 1, "content_type": 13, "object_id": "18", "object_repr": "Ladies Yellow Coat", "action_flag": 1, "change_message": "[{\"added\": {}}]"}}, {"model": "admin.logentry", "pk": 31, "fields": {"action_time": "2021-05-20T19:13:21.895Z", "user": 1, "content_type": 13, "object_id": "6", "object_repr": "Short All Terrain Boots", "action_flag": 2, "change_message": "[{\"changed\": {\"fields\": [\"Category\"]}}]"}}, {"model": "admin.logentry", "pk": 32, "fields": {"action_time": "2021-05-20T19:15:47.691Z", "user": 1, "content_type": 13, "object_id": "19", "object_repr": "Live Rag Worm", "action_flag": 1, "change_message": "[{\"added\": {}}]"}}, {"model": "admin.logentry", "pk": 33, "fields": {"action_time": "2021-05-20T19:16:46.821Z", "user": 1, "content_type": 13, "object_id": "20", "object_repr": "Dried Crab", "action_flag": 1, "change_message": "[{\"added\": {}}]"}}, {"model": "admin.logentry", "pk": 34, "fields": {"action_time": "2021-05-20T22:19:03.090Z", "user": 1, "content_type": 13, "object_id": "20", "object_repr": "Dried Crab", "action_flag": 2, "change_message": "[]"}}, {"model": "admin.logentry", "pk": 35, "fields": {"action_time": "2021-05-20T22:19:41.191Z", "user": 1, "content_type": 13, "object_id": "20", "object_repr": "Dried Crab", "action_flag": 2, "change_message": "[{\"changed\": {\"fields\": [\"Image\"]}}]"}}, {"model": "admin.logentry", "pk": 36, "fields": {"action_time": "2021-05-20T22:19:58.072Z", "user": 1, "content_type": 13, "object_id": "19", "object_repr": "Live Rag Worm", "action_flag": 2, "change_message": "[{\"changed\": {\"fields\": [\"Image\"]}}]"}}, {"model": "admin.logentry", "pk": 37, "fields": {"action_time": "2021-05-22T17:00:59.094Z", "user": 1, "content_type": 13, "object_id": "1", "object_repr": "Beach Caster 3000 Rod 12ft", "action_flag": 2, "change_message": "[{\"changed\": {\"fields\": [\"Has sizes\"]}}]"}}, {"model": "admin.logentry", "pk": 38, "fields": {"action_time": "2021-05-22T17:01:06.766Z", "user": 1, "content_type": 13, "object_id": "1", "object_repr": "Beach Caster 3000 Rod 12ft", "action_flag": 2, "change_message": "[]"}}, {"model": "admin.logentry", "pk": 39, "fields": {"action_time": "2021-05-22T17:01:12.664Z", "user": 1, "content_type": 13, "object_id": "2", "object_repr": "River Classic Rod 9ft", "action_flag": 2, "change_message": "[{\"changed\": {\"fields\": [\"Has sizes\"]}}]"}}, {"model": "admin.logentry", "pk": 40, "fields": {"action_time": "2021-05-22T17:01:17.867Z", "user": 1, "content_type": 13, "object_id": "3", "object_repr": "Bass Catcher 1200 Reel", "action_flag": 2, "change_message": "[]"}}, {"model": "admin.logentry", "pk": 41, "fields": {"action_time": "2021-05-22T17:01:27.372Z", "user": 1, "content_type": 13, "object_id": "4", "object_repr": "Heavy Duty Welly Boots", "action_flag": 2, "change_message": "[]"}}, {"model": "admin.logentry", "pk": 42, "fields": {"action_time": "2021-05-22T17:01:33.625Z", "user": 1, "content_type": 13, "object_id": "5", "object_repr": "Mens All Weather Coat(Blue)", "action_flag": 2, "change_message": "[]"}}, {"model": "admin.logentry", "pk": 43, "fields": {"action_time": "2021-05-22T17:01:41.026Z", "user": 1, "content_type": 13, "object_id": "7", "object_repr": "Falcon Cap(mustard)", "action_flag": 2, "change_message": "[{\"changed\": {\"fields\": [\"Has sizes\"]}}]"}}, {"model": "admin.logentry", "pk": 44, "fields": {"action_time": "2021-05-22T17:01:52.529Z", "user": 1, "content_type": 13, "object_id": "10", "object_repr": "Fishers Sun Hat", "action_flag": 2, "change_message": "[{\"changed\": {\"fields\": [\"Has sizes\"]}}]"}}, {"model": "admin.logentry", "pk": 45, "fields": {"action_time": "2021-05-22T17:02:02.643Z", "user": 1, "content_type": 13, "object_id": "11", "object_repr": "Frozen Herring", "action_flag": 2, "change_message": "[]"}}, {"model": "admin.logentry", "pk": 46, "fields": {"action_time": "2021-05-22T17:02:09.156Z", "user": 1, "content_type": 13, "object_id": "13", "object_repr": "Red Tip Bass Lure", "action_flag": 2, "change_message": "[]"}}, {"model": "admin.logentry", "pk": 47, "fields": {"action_time": "2021-05-22T17:02:18.246Z", "user": 1, "content_type": 13, "object_id": "16", "object_repr": "Black CatchMaster 9.0 Reel", "action_flag": 2, "change_message": "[]"}}, {"model": "admin.logentry", "pk": 48, "fields": {"action_time": "2021-05-22T17:02:25.524Z", "user": 1, "content_type": 13, "object_id": "17", "object_repr": "Mountain Wooly Hat", "action_flag": 2, "change_message": "[{\"changed\": {\"fields\": [\"Has sizes\"]}}]"}}, {"model": "admin.logentry", "pk": 49, "fields": {"action_time": "2021-05-22T17:02:31.993Z", "user": 1, "content_type": 13, "object_id": "19", "object_repr": "Live Rag Worm", "action_flag": 2, "change_message": "[]"}}, {"model": "admin.logentry", "pk": 50, "fields": {"action_time": "2021-05-25T20:21:42.059Z", "user": 1, "content_type": 15, "object_id": "1", "object_repr": "C0371EA307A24658967B4161B4DC5C71", "action_flag": 2, "change_message": "[{\"added\": {\"name\": \"order line item\", \"object\": \"SKU 000011 on order C0371EA307A24658967B4161B4DC5C71\"}}, {\"changed\": {\"name\": \"order line item\", \"object\": \"SKU 000001 on order C0371EA307A24658967B4161B4DC5C71\", \"fields\": [\"Quantity\"]}}, {\"changed\": {\"name\": \"order line item\", \"object\": \"SKU 000003 on order C0371EA307A24658967B4161B4DC5C71\", \"fields\": [\"Quantity\"]}}, {\"changed\": {\"name\": \"order line item\", \"object\": \"SKU 000006 on order C0371EA307A24658967B4161B4DC5C71\", \"fields\": [\"Quantity\"]}}]"}}, {"model": "admin.logentry", "pk": 51, "fields": {"action_time": "2021-05-25T20:22:05.699Z", "user": 1, "content_type": 15, "object_id": "1", "object_repr": "C0371EA307A24658967B4161B4DC5C71", "action_flag": 2, "change_message": "[{\"deleted\": {\"name\": \"order line item\", \"object\": \"SKU 000001 on order C0371EA307A24658967B4161B4DC5C71\"}}, {\"deleted\": {\"name\": \"order line item\", \"object\": \"SKU 000003 on order C0371EA307A24658967B4161B4DC5C71\"}}, {\"deleted\": {\"name\": \"order line item\", \"object\": \"SKU 000006 on order C0371EA307A24658967B4161B4DC5C71\"}}, {\"deleted\": {\"name\": \"order line item\", \"object\": \"SKU 000011 on order C0371EA307A24658967B4161B4DC5C71\"}}]"}}, {"model": "admin.logentry", "pk": 52, "fields": {"action_time": "2021-05-25T20:22:19.451Z", "user": 1, "content_type": 15, "object_id": "1", "object_repr": "C0371EA307A24658967B4161B4DC5C71", "action_flag": 3, "change_message": ""}}, {"model": "admin.logentry", "pk": 53, "fields": {"action_time": "2021-05-27T12:31:11.023Z", "user": 1, "content_type": 4, "object_id": "2", "object_repr": "testytest", "action_flag": 2, "change_message": "[{\"changed\": {\"fields\": [\"First name\", \"Last name\"]}}]"}}, {"model": "admin.logentry", "pk": 54, "fields": {"action_time": "2021-05-27T12:31:34.099Z", "user": 1, "content_type": 4, "object_id": "1", "object_repr": "stephen390", "action_flag": 2, "change_message": "[{\"changed\": {\"fields\": [\"First name\", \"Last name\"]}}]"}}, {"model": "admin.logentry", "pk": 55, "fields": {"action_time": "2021-05-27T20:40:54.616Z", "user": 1, "content_type": 13, "object_id": "22", "object_repr": "test2", "action_flag": 3, "change_message": ""}}, {"model": "admin.logentry", "pk": 56, "fields": {"action_time": "2021-05-27T20:40:54.642Z", "user": 1, "content_type": 13, "object_id": "21", "object_repr": "test", "action_flag": 3, "change_message": ""}}, {"model": "auth.user", "pk": 1, "fields": {"password": "pbkdf2_sha256$260000$Bh0eqiD84HWTI8khcnx497$kF9uTqFKOf6vXAjdJQVrMgXhIwnPr2tWSFOUgAlCDYM=", "last_login": "2021-05-27T21:43:43.812Z", "is_superuser": true, "username": "stephen390", "first_name": "Stephen", "last_name": "O'Connor", "email": "steveo3827@gmail.com", "is_staff": true, "is_active": true, "date_joined": "2021-05-05T12:08:05Z", "groups": [], "user_permissions": []}}, {"model": "auth.user", "pk": 2, "fields": {"password": "pbkdf2_sha256$260000$6yAM9dfID3KssiuForSh44$HZxmazU7UtU/fep0wtvSGHN3Ob3eoZqi046IxL6LCjU=", "last_login": "2021-05-27T23:27:38.979Z", "is_superuser": false, "username": "testytest", "first_name": "Test", "last_name": "Testyer", "email": "test@test.com", "is_staff": false, "is_active": true, "date_joined": "2021-05-26T15:11:55Z", "groups": [], "user_permissions": []}}, {"model": "sessions.session", "pk": "015001gdhn4fp267i3mmxeztv4mio8fu", "fields": {"session_data": "e30:1lluEc:g1zJfG19sv7Wh8yZHYxZmX2VFcGNwcwVzaF3vN0c7RQ", "expire_date": "2021-06-09T14:10:10.497Z"}}, {"model": "sessions.session", "pk": "163muh7tgr9nvrov18d3c8850y191sjm", "fields": {"session_data": "e30:1lluWL:KPyBgU5pmM8sJuPQ_m_aq_F4ApUIqAiTca23CMHaF7A", "expire_date": "2021-06-09T14:28:29.249Z"}}, {"model": "sessions.session", "pk": "1jcxe824jd49ezdai8olxhvq82bh4lkq", "fields": {"session_data": "eyJiYWciOnsiMSI6M319:1llA66:ns5EbEamrcw8eCfP5Wa5WkamHSVqgAcgraXaZ9CIJvE", "expire_date": "2021-06-07T12:54:18.164Z"}}, {"model": "sessions.session", "pk": "2lyi6bzvburri5a1l436betcjenxfatb", "fields": {"session_data": ".eJxVjEEOwiAQRe_C2hBKqdAu3XsGMjMMFjXQlDbRGO-uTbrQ7X_vv5fwsC6jXyvPPgUxCC0OvxsC3ThvIFwhX4qkkpc5odwUudMqzyXw_bS7f4ER6vh9t4YbDE2IPbbknAUA1M6Y2HQ9HqMlNF2nHRunIxmLLgCxBaWMVbEn2KKVa00le35MaX6KQb0_suk_0w:1lmPPq:EqPQg-EijUDFo5id80zk0q8eGrkzaCGnH3lMaaiuuvQ", "expire_date": "2021-06-10T23:27:50.581Z"}}, {"model": "sessions.session", "pk": "32rot67lo4roezhhmu0nhozfj7vy7z3n", "fields": {"session_data": "e30:1lluz8:B5jC_4qFgX6dSRd4VxpL12yczBSKqQs5b6AY_bDMW2o", "expire_date": "2021-06-09T14:58:14.638Z"}}, {"model": "sessions.session", "pk": "b8rycx230qmvcyfl2jefixeq0i2qisct", "fields": {"session_data": ".eJxljsFugzAQRP9lzwgBMbHxsfd-g7W7Xge31I4wVIlQ_j2hiipFuc57M5oNkDmvaXG_MscQxTv5wTiBTes0Vf90LTKDhQ4qcLgu41_gon_PCPlb0g78F6ZTrjmnZY5U70r9pKX-zF6mj6f7MjBiGR_tg5KWfOvDQAc2RiMidUap0PYDHYNmUn3fGVGmC6w0GY8sGptG6SYMjPtokVJiTk4u5zhfwTYVEJ7Abo_Ttr3d7jGQVRE:1llwqq:22EQj2zjlfshQnzvk5uGLwaZaloqZYR4DyJ6tI3yiUg", "expire_date": "2021-06-09T16:57:48.065Z"}}, {"model": "sessions.session", "pk": "c2ir8x4f29z1z4gtq93e0xl60qj1p5jx", "fields": {"session_data": "e30:1llv0M:6wRySOunmAvMC7-WCqtiyE4Y28ym5CM_6ilPDFVUV8A", "expire_date": "2021-06-09T14:59:30.495Z"}}, {"model": "sessions.session", "pk": "dq3da9wk4nvhc67zhl9hzetvt60mhrlx", "fields": {"session_data": "eyJiYWciOnsiMTkiOjMsIjExIjozfX0:1lka96:XcG9gxyOikycZ_2JuJMDmcxZeBel883jzr73qEQP9Jo", "expire_date": "2021-06-05T22:31:00.161Z"}}, {"model": "sessions.session", "pk": "fnmd6lhtqh7ilt7zurkgeckxenh3xybk", "fields": {"session_data": "e30:1lluH4:xypUMvE6RxRLkLI_ai_OSKPOL3h_05o8ljD4bq9S2S0", "expire_date": "2021-06-09T14:12:42.879Z"}}, {"model": "sessions.session", "pk": "gm29l2o2hjy2846w430qrx38vdzqpemj", "fields": {"session_data": "e30:1lluP2:i7exat9HczIyh0XOULBPwnthWTZtoCZQEmPLSEWwKiU", "expire_date": "2021-06-09T14:20:56.701Z"}}, {"model": "sessions.session", "pk": "h1oyz97yoa2z08zveh5ecxz0onylh0gb", "fields": {"session_data": "eyJiYWciOnsiMSI6MX19:1lkoA0:LQudRiclkTxdMwfgqxloTeh-YRUTZP1XlysOZ6Kn31Q", "expire_date": "2021-06-06T13:28:52.682Z"}}, {"model": "sessions.session", "pk": "m5i0f5ys63kxi95w7asp44v7x47z0360", "fields": {"session_data": "e30:1lluJw:LjlcEqwnjG9qiLLSptpkEHUK85NnmVcN1u8AWk_7AHA", "expire_date": "2021-06-09T14:15:40.201Z"}}, {"model": "sessions.session", "pk": "racy3w8jfhknjgua5tzmnsvwau84hyrd", "fields": {"session_data": "e30:1lluFU:MOpXEIlSGzYPUWnPe9m9_0cvjo5LbAdai_l0_nzMvCA", "expire_date": "2021-06-09T14:11:04.951Z"}}, {"model": "sessions.session", "pk": "rt14fxzr2s4fdmxd7d0nmscs3rasdnjw", "fields": {"session_data": ".eJw1jLEKgCAURX_lcec3WNDiFvUXvRBFkYIStIYI_z2XlnPgDOeFsxH6RQfdMXrVVBnmCKXYGAo0lkVgzF7S-VcBk2LqBybB6H3wNOetccrW0ZXoSXemNhasK-oH1wAeqA:1llHfT:dKQ4IgJ_s-wpngGDmCf5sr95GUV0ttHxuceykEvQrmU", "expire_date": "2021-06-07T20:59:19.593Z"}}, {"model": "sessions.session", "pk": "saxzmtdk77c8oahzshecd5g2veaygv1e", "fields": {"session_data": "e30:1lluAr:YI_iFLWsUvFgU1CltkR0By0tYuFj1qZA_DIQq0q8N7Y", "expire_date": "2021-06-09T14:06:17.257Z"}}, {"model": "sessions.session", "pk": "tc432dwsnsuxh0496r2s8mh9oqwvlq7u", "fields": {"session_data": "eyJiYWciOnsiMiI6NCwiMTEiOjMsIjIwIjoxfX0:1lk7zn:HNGK6qNXwD36hhKbBnoXZmIPMv2Z5Fo7ZWENrcr18hU", "expire_date": "2021-06-04T16:27:31.433Z"}}, {"model": "sessions.session", "pk": "v4gdupyhcyd654oto07q8ndakoilhynr", "fields": {"session_data": ".eJxVjEEOwiAQRe_C2hAYWpQu3XsGwjCDRQ2Y0iYa491tExe6_e-9_xI-LPPol8aTzyQGocXud8MQr1w2QJdQzlXGWuYpo9wU-aVNnirx7fh1_w7G0Ma1di4CoHEWe63YpESd04cewTC4BEzKBO4SGNKAhOwcKwt7uzYpkrbbaePWci2eH_c8PcWg3h-Jlj89:1leJm1:BvaPVBL-83rbAHqHhx_1ICk9fVZ2mzIAIfqVKGA3uSY", "expire_date": "2021-05-19T15:49:17.001Z"}}, {"model": "sessions.session", "pk": "x8ofqzs620bblhpkjikrei1r9t5z7102", "fields": {"session_data": "eyJiYWciOnsiMTEiOjR9fQ:1lka9Q:1hUXHnQmF57qxWFFRPyvxfaFoF-TsMISDo_YKo5I-C0", "expire_date": "2021-06-05T22:31:20.556Z"}}, {"model": "sessions.session", "pk": "xrqqh17csi2i8zfo2z275br0kfe53itj", "fields": {"session_data": ".eJyrVkpKTFeyqlYyBRGZJam5xfFJlfHFmVWpIIGKHCUrw9paHSUz7NJQ-dpaAGZfGJI:1lkVVN:MU6TiSOPF4bUmpXEqJdmTAXU6hkK3kIUaeklmX07BaA", "expire_date": "2021-06-05T17:33:41.508Z"}}, {"model": "sessions.session", "pk": "z7dtqme1j12f2gme1akr6wgn14hsds0v", "fields": {"session_data": "eyJiYWciOnsiMSI6MSwiNSI6eyJpdGVtc19ieV9zaXplIjp7Inh4bCI6MX19fX0:1lkVTc:PiXcJLZUQGBT8y9B9tNzHsoPLRtemr4R-nPlQYzDfcw", "expire_date": "2021-06-05T17:31:52.329Z"}}, {"model": "sites.site", "pk": 1, "fields": {"domain": "hooked.com", "name": "Hooked"}}, {"model": "account.emailaddress", "pk": 1, "fields": {"user": 1, "email": "steveo3827@gmail.com", "verified": true, "primary": true}}, {"model": "account.emailaddress", "pk": 2, "fields": {"user": 2, "email": "test@test.com", "verified": true, "primary": true}}, {"model": "products.category", "pk": 1, "fields": {"name": "rods_and_stands", "friendly_name": "Rods & Stands"}}, {"model": "products.category", "pk": 2, "fields": {"name": "reels", "friendly_name": "Reels"}}, {"model": "products.category", "pk": 3, "fields": {"name": "lures", "friendly_name": "Lures"}}, {"model": "products.category", "pk": 4, "fields": {"name": "live", "friendly_name": "Live"}}, {"model": "products.category", "pk": 5, "fields": {"name": "frozen", "friendly_name": "Frozen"}}, {"model": "products.category", "pk": 6, "fields": {"name": "dried", "friendly_name": "Dried"}}, {"model": "products.category", "pk": 7, "fields": {"name": "boots_wellies", "friendly_name": "Boots & Wellies"}}, {"model": "products.category", "pk": 8, "fields": {"name": "jackets_pants", "friendly_name": "Jackets & Pants"}}, {"model": "products.category", "pk": 9, "fields": {"name": "gloves_hats", "friendly_name": "Gloves & Hats"}}, {"model": "products.product", "pk": 1, "fields": {"category": 1, "sku": "000001", "name": "Beach Caster 3000 Rod 12ft", "description": "The Beach Caster 3000 Fishing rod is the only rod you will need when trying to catch the ultimate fish", "has_sizes": false, "price": "99.00", "rating": "5.0", "image_url": null, "image": "rod_sea.jpg"}}, {"model": "products.product", "pk": 2, "fields": {"category": 1, "sku": "000002", "name": "River Classic Rod 9ft", "description": "Enjoy your river fishing with this classic 9ft Rod", "has_sizes": false, "price": "89.00", "rating": "4.5", "image_url": null, "image": "rod_2.jpg"}}, {"model": "products.product", "pk": 3, "fields": {"category": 2, "sku": "000003", "name": "Bass Catcher 1200 Reel", "description": "The best Bass catching reel there is on the market", "has_sizes": false, "price": "40.00", "rating": "5.0", "image_url": null, "image": "reel_sea_2.jpg"}}, {"model": "products.product", "pk": 4, "fields": {"category": 7, "sku": "000004", "name": "Heavy Duty Welly Boots", "description": "Heavy Duty Welly Boots with tightening straps", "has_sizes": true, "price": "80.00", "rating": "5.0", "image_url": null, "image": "black_welly.jpg"}}, {"model": "products.product", "pk": 5, "fields": {"category": 8, "sku": "000005", "name": "Mens All Weather Coat(Blue)", "description": "This perfect coat will keep   you warm on the coldest night", "has_sizes": true, "price": "100.00", "rating": "5.0", "image_url": null, "image": "blue_coat.jpg"}}, {"model": "products.product", "pk": 6, "fields": {"category": 7, "sku": "000006", "name": "Short All Terrain Boots", "description": "Short All Terrain Boots", "has_sizes": true, "price": "65.00", "rating": "4.0", "image_url": null, "image": "boot_short.jpg"}}, {"model": "products.product", "pk": 7, "fields": {"category": 9, "sku": "000007", "name": "Falcon Cap(mustard)", "description": "Falcon Cap(mustard)", "has_sizes": false, "price": "25.00", "rating": "5.0", "image_url": null, "image": "brown_hat.jpg"}}, {"model": "products.product", "pk": 8, "fields": {"category": 9, "sku": "000008", "name": "Forclaz Thermal Gloves", "description": "Forclaz Thermal Gloves", "has_sizes": true, "price": "31.00", "rating": "4.5", "image_url": null, "image": "glove_forclaz.jpg"}}, {"model": "products.product", "pk": 9, "fields": {"category": 9, "sku": "000009", "name": "Seinm Thermal Gloves", "description": "Seinm Thermal Gloves", "has_sizes": true, "price": "55.00", "rating": "5.0", "image_url": null, "image": "gloves_black.jpg"}}, {"model": "products.product", "pk": 10, "fields": {"category": 9, "sku": "000010", "name": "Fishers Sun Hat", "description": "Fishers Sun Hat", "has_sizes": false, "price": "18.00", "rating": "5.0", "image_url": null, "image": "hat_sun.jpg"}}, {"model": "products.product", "pk": 11, "fields": {"category": 5, "sku": "000011", "name": "Frozen Herring", "description": "Frozen Herring (10 pack)", "has_sizes": false, "price": "10.00", "rating": "5.0", "image_url": null, "image": "herring.jpg"}}, {"model": "products.product", "pk": 12, "fields": {"category": 7, "sku": "000012", "name": "Hunter Welly Boots", "description": "Hunter Welly Boots", "has_sizes": true, "price": "45.00", "rating": "5.0", "image_url": null, "image": "hunter_welly.jpg"}}, {"model": "products.product", "pk": 13, "fields": {"category": 3, "sku": "000013", "name": "Red Tip Bass Lure", "description": "Red Tip Bass Lure", "has_sizes": false, "price": "8.00", "rating": "5.0", "image_url": null, "image": "lure_2.jpg"}}, {"model": "products.product", "pk": 14, "fields": {"category": 3, "sku": "000014", "name": "Mackerel Double Hook Lure", "description": "Mackerel Double Hook Lure", "has_sizes": false, "price": "8.00", "rating": "5.0", "image_url": null, "image": "lure.jpg"}}, {"model": "products.product", "pk": 15, "fields": {"category": 5, "sku": "000015", "name": "Frozen Mackerel", "description": "Frozen Mackerel (10 pack)", "has_sizes": false, "price": "11.00", "rating": "5.0", "image_url": null, "image": "mackerel.jpg"}}, {"model": "products.product", "pk": 16, "fields": {"category": 2, "sku": "000016", "name": "Black CatchMaster 9.0 Reel", "description": "Black CatchMaster 9.0 Reel", "has_sizes": false, "price": "45.00", "rating": "5.0", "image_url": null, "image": "reel_black.jpg"}}, {"model": "products.product", "pk": 17, "fields": {"category": 9, "sku": "000017", "name": "Mountain Wooly Hat", "description": "Mountain Wooly Hat", "has_sizes": false, "price": "8.00", "rating": "4.0", "image_url": null, "image": "wolly_hat.jpg"}}, {"model": "products.product", "pk": 18, "fields": {"category": 8, "sku": "000018", "name": "Ladies Yellow Coat", "description": "Ladies Yellow Coat", "has_sizes": true, "price": "75.00", "rating": "5.0", "image_url": null, "image": "yellow_coat.jpg"}}, {"model": "products.product", "pk": 19, "fields": {"category": 4, "sku": "000020", "name": "Live Rag Worm", "description": "Live Rag Worm (20 pack)", "has_sizes": false, "price": "7.00", "rating": "5.0", "image_url": null, "image": ""}}, {"model": "products.product", "pk": 20, "fields": {"category": 6, "sku": "000021", "name": "Dried Crab", "description": "Dried Crab (5 pack)", "has_sizes": false, "price": "5.00", "rating": "4.0", "image_url": null, "image": ""}}, {"model": "products.product", "pk": 23, "fields": {"category": 1, "sku": null, "name": "test", "description": "gtes", "has_sizes": false, "price": "1.99", "rating": null, "image_url": null, "image": ""}}, {"model": "checkout.order", "pk": 2, "fields": {"order_number": "D1E0F2443015434C86E97D815837D7D2", "user_profile": null, "full_name": "Stephen O'Connor", "email": "steveo3827@gmail.com", "phone_number": "gggg", "country": "United Kingdom", "postcode": "ha90qg", "town_or_city": "Wembley Park", "street_address1": "904 Landsby West", "street_address2": "10 Elvin Gardens", "county": "County Wexford", "date": "2021-05-25T20:48:21.437Z", "delivery_cost": "0.00", "order_total": "182.00", "grand_total": "182.00", "original_bag": "", "stripe_pid": ""}}, {"model": "checkout.order", "pk": 3, "fields": {"order_number": "9E04905014B5475E806CF08782E0CF3F", "user_profile": null, "full_name": "Stephen O'Connor", "email": "stephenoconnor390@gmail.com", "phone_number": "0892194197", "country": "United Kingdom", "postcode": "P36 YT28", "town_or_city": "Youghal", "street_address1": "Sunlodge", "street_address2": "Ferrypoint", "county": "Cork", "date": "2021-05-25T21:06:56.661Z", "delivery_cost": "0.00", "order_total": "200.00", "grand_total": "200.00", "original_bag": "", "stripe_pid": ""}}, {"model": "checkout.order", "pk": 4, "fields": {"order_number": "5DEA96D193CF4A3A8337158E17BD0AE6", "user_profile": null, "full_name": "Stephen O'Connor", "email": "stephenoconnor390@gmail.com", "phone_number": "0892194197", "country": "FR", "postcode": "ha90qg", "town_or_city": "Wembley Park", "street_address1": "904 Landsby West", "street_address2": "10 Elvin Gardens", "county": null, "date": "2021-05-25T23:15:25.321Z", "delivery_cost": "0.00", "order_total": "232.00", "grand_total": "232.00", "original_bag": "", "stripe_pid": ""}}, {"model": "checkout.order", "pk": 5, "fields": {"order_number": "7ABEDAD7CD7C4F25B6B8D487B97CD200", "user_profile": null, "full_name": "Stephen O'Connor", "email": "stephenoconnor390@gmail.com", "phone_number": "0892194197", "country": "GB", "postcode": "ha90qg", "town_or_city": "Wembley Park", "street_address1": "904 Landsby West", "street_address2": "10 Elvin Gardens", "county": "County Wexford", "date": "2021-05-26T00:15:16.983Z", "delivery_cost": "0.00", "order_total": "182.00", "grand_total": "182.00", "original_bag": "{\"1\": 1}", "stripe_pid": "pi_1IvAOcIIQSejKvaSusecdyR2"}}, {"model": "checkout.order", "pk": 6, "fields": {"order_number": "DCE4AE45BE0A4F288E55F45709FF51C0", "user_profile": null, "full_name": "Stephen O'Connor", "email": "stephenoconnor390@gmail.com", "phone_number": "0892194197", "country": "GB", "postcode": "ha90qg", "town_or_city": "Wembley Park", "street_address1": "904 Landsby West", "street_address2": "10 Elvin Gardens", "county": "County Wexford", "date": "2021-05-26T00:19:41.173Z", "delivery_cost": "9.30", "order_total": "93.00", "grand_total": "102.30", "original_bag": "{\"8\": {\"items_by_size\": {\"m\": 3}}}", "stripe_pid": "pi_1IvASyIIQSejKvaSDU5UfJqu"}}, {"model": "checkout.order", "pk": 7, "fields": {"order_number": "0E076F4CB1E44B57877F37676A868DFF", "user_profile": null, "full_name": "Stephen O'Connor", "email": "stephenoconnor390@gmail.com", "phone_number": "0892194197", "country": "GB", "postcode": "ha90qg", "town_or_city": "Wembley Park", "street_address1": "904 Landsby West", "street_address2": "10 Elvin Gardens", "county": null, "date": "2021-05-26T00:21:11.981Z", "delivery_cost": "0.00", "order_total": "182.00", "grand_total": "182.00", "original_bag": "{\"1\": 1}", "stripe_pid": "pi_1IvAURIIQSejKvaSYOKJDj4w"}}, {"model": "checkout.order", "pk": 8, "fields": {"order_number": "5C33E0CBDE6F4E33A6D429A19A82B0B7", "user_profile": null, "full_name": "test", "email": "test@test.com", "phone_number": "112", "country": "AX", "postcode": "12345", "town_or_city": "fssfs", "street_address1": "fddfg", "street_address2": "sdfsdf", "county": "fsss", "date": "2021-05-26T18:00:38.624Z", "delivery_cost": "7.00", "order_total": "70.00", "grand_total": "77.00", "original_bag": "{\"11\": 7}", "stripe_pid": "pi_1IvR1TIIQSejKvaSQHijmOcx"}}, {"model": "checkout.order", "pk": 9, "fields": {"order_number": "1EBA200F05F546E4928FE727E69C647A", "user_profile": null, "full_name": "test", "email": "test@test.com", "phone_number": "00000", "country": "AF", "postcode": "12345", "town_or_city": "jkdjd", "street_address1": "hdhsd", "street_address2": "hjdfhd", "county": "jfjd", "date": "2021-05-27T11:48:14.227Z", "delivery_cost": "0.00", "order_total": "182.00", "grand_total": "182.00", "original_bag": "{\"1\": 1}", "stripe_pid": "pi_1IvhgZIIQSejKvaSu8ysCQ0h"}}, {"model": "checkout.order", "pk": 10, "fields": {"order_number": "9A6E0EFDE20F4988A646BB0ECE792394", "user_profile": null, "full_name": "test", "email": "test@test.com", "phone_number": "3333", "country": "AF", "postcode": "12345", "town_or_city": "fg", "street_address1": "fgd", "street_address2": "gdg", "county": "dffg", "date": "2021-05-27T11:59:01.451Z", "delivery_cost": "0.00", "order_total": "182.00", "grand_total": "182.00", "original_bag": "{\"1\": 1}", "stripe_pid": "pi_1IvhrCIIQSejKvaSbAdIa5Mv"}}, {"model": "checkout.order", "pk": 11, "fields": {"order_number": "DEA940607B144BB0984E1C64C28720EA", "user_profile": 2, "full_name": "test", "email": "stephenoconnor390@gmail.com", "phone_number": "000", "country": "FR", "postcode": "12345", "town_or_city": "fgg", "street_address1": "gfg", "street_address2": "ggfgg", "county": "gfgf", "date": "2021-05-27T12:22:48.048Z", "delivery_cost": "0.00", "order_total": "182.00", "grand_total": "182.00", "original_bag": "{\"1\": 1}", "stripe_pid": "pi_1IviDvIIQSejKvaSwRImIaIi"}}, {"model": "checkout.order", "pk": 12, "fields": {"order_number": "9C0662C3345A4BEBB43528EC72CA439E", "user_profile": 2, "full_name": "Test Testyer", "email": "test@test.com", "phone_number": "000", "country": "FR", "postcode": "12345", "town_or_city": "fgg", "street_address1": "gfg", "street_address2": "ggfgg", "county": "gfgf", "date": "2021-05-27T12:33:13.635Z", "delivery_cost": "4.50", "order_total": "45.00", "grand_total": "49.50", "original_bag": "{\"12\": {\"items_by_size\": {\"m\": 1}}}", "stripe_pid": "pi_1IviOOIIQSejKvaSupzC0Qkv"}}, {"model": "checkout.order", "pk": 13, "fields": {"order_number": "34FB334B673B4034B6A91724B53A3E91", "user_profile": 2, "full_name": "Test Testyer", "email": "test@test.com", "phone_number": "000", "country": "FR", "postcode": "12345", "town_or_city": "fgg", "street_address1": "gfg", "street_address2": "ggfgg", "county": "gfgf", "date": "2021-05-27T12:53:50.217Z", "delivery_cost": "1.10", "order_total": "11.00", "grand_total": "12.10", "original_bag": "{\"15\": 1}", "stripe_pid": "pi_1IviiFIIQSejKvaSgH6aoJsu"}}, {"model": "checkout.order", "pk": 14, "fields": {"order_number": "5E654FDAA2A64EAB9D5002F592616B6B", "user_profile": 2, "full_name": "Test Testyer", "email": "test@test.com", "phone_number": "000", "country": "FR", "postcode": "12345", "town_or_city": "fgg", "street_address1": "gfg", "street_address2": "ggfgg", "county": "gfgf", "date": "2021-05-27T13:35:30.934Z", "delivery_cost": "0.80", "order_total": "8.00", "grand_total": "8.80", "original_bag": "{\"17\": 1}", "stripe_pid": "pi_1IvjMmIIQSejKvaS2Cr8tTLM"}}, {"model": "checkout.order", "pk": 15, "fields": {"order_number": "7F7764E698794CB6A9411E09CDAAEDEF", "user_profile": 2, "full_name": "Test Testyer", "email": "test@test.com", "phone_number": "000", "country": "FR", "postcode": "12345", "town_or_city": "fgg", "street_address1": "gfg", "street_address2": "ggfgg", "county": "gfgf", "date": "2021-05-27T15:42:26.859Z", "delivery_cost": "0.00", "order_total": "182.00", "grand_total": "182.00", "original_bag": "{\"1\": 1}", "stripe_pid": "pi_1IvlLcIIQSejKvaSSBxncWM9"}}, {"model": "checkout.orderlineitem", "pk": 5, "fields": {"order": 2, "product": 1, "product_size": null, "quantity": 1, "lineitem_total": "182.00"}}, {"model": "checkout.orderlineitem", "pk": 6, "fields": {"order": 3, "product": 5, "product_size": "xxl", "quantity": 2, "lineitem_total": "200.00"}}, {"model": "checkout.orderlineitem", "pk": 7, "fields": {"order": 4, "product": 1, "product_size": null, "quantity": 1, "lineitem_total": "182.00"}}, {"model": "checkout.orderlineitem", "pk": 8, "fields": {"order": 4, "product": 7, "product_size": null, "quantity": 2, "lineitem_total": "50.00"}}, {"model": "checkout.orderlineitem", "pk": 9, "fields": {"order": 5, "product": 1, "product_size": null, "quantity": 1, "lineitem_total": "182.00"}}, {"model": "checkout.orderlineitem", "pk": 10, "fields": {"order": 6, "product": 8, "product_size": "m", "quantity": 3, "lineitem_total": "93.00"}}, {"model": "checkout.orderlineitem", "pk": 11, "fields": {"order": 7, "product": 1, "product_size": null, "quantity": 1, "lineitem_total": "182.00"}}, {"model": "checkout.orderlineitem", "pk": 12, "fields": {"order": 8, "product": 11, "product_size": null, "quantity": 7, "lineitem_total": "70.00"}}, {"model": "checkout.orderlineitem", "pk": 13, "fields": {"order": 9, "product": 1, "product_size": null, "quantity": 1, "lineitem_total": "182.00"}}, {"model": "checkout.orderlineitem", "pk": 14, "fields": {"order": 10, "product": 1, "product_size": null, "quantity": 1, "lineitem_total": "182.00"}}, {"model": "checkout.orderlineitem", "pk": 15, "fields": {"order": 11, "product": 1, "product_size": null, "quantity": 1, "lineitem_total": "182.00"}}, {"model": "checkout.orderlineitem", "pk": 16, "fields": {"order": 12, "product": 12, "product_size": "m", "quantity": 1, "lineitem_total": "45.00"}}, {"model": "checkout.orderlineitem", "pk": 17, "fields": {"order": 13, "product": 15, "product_size": null, "quantity": 1, "lineitem_total": "11.00"}}, {"model": "checkout.orderlineitem", "pk": 18, "fields": {"order": 14, "product": 17, "product_size": null, "quantity": 1, "lineitem_total": "8.00"}}, {"model": "checkout.orderlineitem", "pk": 19, "fields": {"order": 15, "product": 1, "product_size": null, "quantity": 1, "lineitem_total": "182.00"}}, {"model": "profiles.userprofile", "pk": 1, "fields": {"user": 1, "default_phone_number": null, "default_street_address1": null, "default_street_address2": null, "default_town_or_city": null, "default_county": null, "default_postcode": null, "default_country": null}}, {"model": "profiles.userprofile", "pk": 2, "fields": {"user": 2, "default_phone_number": "000", "default_street_address1": "gfg", "default_street_address2": "ggfgg", "default_town_or_city": "fgg", "default_county": "gfgf", "default_postcode": "12345", "default_country": "FR"}}]